{
  "Drama": {
    "precision": 0.6279287722586103,
    "recall": 0.794780545670131,
    "f1": 0.7015706805788864
  },
  "Comedy": {
    "precision": 0.6885245901638538,
    "recall": 0.7850467289718578,
    "f1": 0.7336244540985946
  },
  "Thriller": {
    "precision": 0.5802861685213704,
    "recall": 0.6899810964081871,
    "f1": 0.6303972365651171
  },
  "Action": {
    "precision": 0.663476874003084,
    "recall": 0.7938931297708408,
    "f1": 0.722849695866869
  },
  "Romance": {
    "precision": 0.5737704918031443,
    "recall": 0.6862745098037294,
    "f1": 0.6249999999502392
  },
  "Adventure": {
    "precision": 0.5333333333332222,
    "recall": 0.6975476839235156,
    "f1": 0.604486422618988
  },
  "Horror": {
    "precision": 0.7204610951006569,
    "recall": 0.7122507122505094,
    "f1": 0.7163323781732921
  },
  "Crime": {
    "precision": 0.5431818181816948,
    "recall": 0.7515723270437888,
    "f1": 0.6306068601094402
  },
  "Science Fiction": {
    "precision": 0.739299610894654,
    "recall": 0.7509881422921934,
    "f1": 0.7450980391653971
  },
  "Fantasy": {
    "precision": 0.5499999999997884,
    "recall": 0.5836734693875169,
    "f1": 0.5663366336131861
  }
}