{
  "Group 1": {
    "f1_score": 0.7174721189591078,
    "threshold": 0.40000000000000013
  },
  "Group 2": {
    "f1_score": 0.718741219443664,
    "threshold": 0.4500000000000001
  },
  "Group 3": {
    "f1_score": 0.7617107942973523,
    "threshold": 0.4500000000000001
  },
  "Group 4": {
    "f1_score": 0.7772087067861716,
    "threshold": 0.4500000000000001
  },
  "Group 5": {
    "f1_score": 0.7125790583274771,
    "threshold": 0.4500000000000001
  }
}