{
  "Drama": {
    "precision": 0.5238817285822593,
    "recall": 0.8196915776986952,
    "f1": 0.6392229417206291
  },
  "Comedy": {
    "precision": 0.4821981424148607,
    "recall": 0.8317757009345794,
    "f1": 0.610485056344929
  },
  "Thriller": {
    "precision": 0.4293139293139293,
    "recall": 0.780718336483932,
    "f1": 0.5539906103286385
  },
  "Action": {
    "precision": 0.5457184325108854,
    "recall": 0.7175572519083969,
    "f1": 0.6199505358615004
  },
  "Romance": {
    "precision": 0.4665271966527197,
    "recall": 0.6246498599439776,
    "f1": 0.5341317365269461
  },
  "Adventure": {
    "precision": 0.3968531468531469,
    "recall": 0.6185286103542235,
    "f1": 0.483493077742279
  },
  "Horror": {
    "precision": 0.5529715762273901,
    "recall": 0.6096866096866097,
    "f1": 0.5799457994579946
  },
  "Crime": {
    "precision": 0.5315315315315315,
    "recall": 0.5566037735849056,
    "f1": 0.543778801843318
  },
  "Science Fiction": {
    "precision": 0.6238532110091743,
    "recall": 0.5375494071146245,
    "f1": 0.5774946921443737
  },
  "Fantasy": {
    "precision": 0.32323232323232326,
    "recall": 0.5224489795918368,
    "f1": 0.3993759750390016
  }
}