{
  "Drama": {
    "the": 127.83895111083984,
    "a": 91.070068359375,
    "of": 64.16889190673828,
    "and": 53.44609451293945,
    "to": 53.13091278076172,
    "in": 45.66751480102539,
    "is": 35.686485290527344,
    "an": 32.63532638549805,
    "who": 24.413301467895508,
    "her": 21.247779846191406,
    "on": 18.73168182373047,
    "for": 18.179908752441406,
    "when": 16.542490005493164,
    "have": 14.373241424560547,
    "his": 13.859665870666504
  },
  "Comedy": {
    "a": 143.63804626464844,
    "the": 120.3037338256836,
    "and": 75.50533294677734,
    "of": 66.02874755859375,
    "in": 59.22353744506836,
    "to": 50.56156539916992,
    "that": 27.047630310058594,
    "is": 25.00696563720703,
    "his": 23.7354736328125,
    "an": 21.185274124145508,
    "into": 20.677494049072266,
    "are": 18.511598587036133,
    "who": 18.427753448486328,
    "for": 15.966997146606445,
    "there": 15.956544876098633
  },
  "Thriller": {
    "the": 125.71154022216797,
    "a": 112.39503479003906,
    "of": 96.88219451904297,
    "to": 72.85987854003906,
    "is": 34.58025360107422,
    "and": 31.140172958374023,
    "an": 29.900999069213867,
    "with": 27.322341918945312,
    "in": 20.90892791748047,
    "that": 18.273338317871094,
    "on": 18.256519317626953,
    "from": 17.094942092895508,
    "two": 16.683780670166016,
    "for": 16.37846565246582,
    "world": 14.32905387878418
  },
  "Action": {
    "the": 161.8970947265625,
    "a": 80.60203552246094,
    "and": 75.09537506103516,
    "of": 64.51953887939453,
    "to": 47.78335952758789,
    "in": 39.36573028564453,
    "is": 32.21403884887695,
    "his": 31.912233352661133,
    "an": 25.73077964782715,
    "as": 19.412233352661133,
    "when": 17.211320877075195,
    "war": 14.089540481567383,
    "revolutionary": 13.894219398498535,
    "after": 13.73414421081543,
    "under": 13.69260025024414
  },
  "Romance": {
    "a": 125.3260726928711,
    "the": 65.20928955078125,
    "and": 64.83814239501953,
    "her": 52.50862503051758,
    "to": 44.72343063354492,
    "in": 35.247562408447266,
    "an": 34.29349899291992,
    "is": 31.862091064453125,
    "as": 30.45913314819336,
    "with": 29.3403377532959,
    "for": 25.976165771484375,
    "of": 23.286571502685547,
    "his": 20.909143447875977,
    "when": 20.69998550415039,
    "their": 19.168148040771484
  },
  "Adventure": {
    "a": 95.6519775390625,
    "the": 76.42428588867188,
    "and": 69.09516143798828,
    "to": 67.1307601928711,
    "of": 56.4039192199707,
    "in": 55.80575942993164,
    "is": 31.63189125061035,
    "their": 28.684675216674805,
    "for": 24.48849105834961,
    "british": 19.577362060546875,
    "on": 18.96234130859375,
    "from": 18.674680709838867,
    "with": 17.475900650024414,
    "that": 16.310901641845703,
    "an": 15.810500144958496
  },
  "Horror": {
    "a": 134.56625366210938,
    "the": 63.62205123901367,
    "is": 56.43022918701172,
    "with": 44.9210205078125,
    "to": 42.8502082824707,
    "her": 37.02582931518555,
    "an": 32.3441162109375,
    "and": 25.418949127197266,
    "his": 25.15764045715332,
    "after": 24.50920867919922,
    "of": 23.713769912719727,
    "in": 23.576292037963867,
    "for": 19.04686737060547,
    "he": 17.576248168945312,
    "she": 16.694034576416016
  },
  "Crime": {
    "a": 108.2817611694336,
    "the": 99.49755859375,
    "to": 64.05834197998047,
    "and": 37.86145782470703,
    "of": 34.81747055053711,
    "is": 33.14936828613281,
    "his": 24.64345359802246,
    "with": 19.633983612060547,
    "that": 19.447126388549805,
    "for": 19.18633270263672,
    "her": 18.440872192382812,
    "an": 16.717716217041016,
    "as": 16.553407669067383,
    "new": 16.35565757751465,
    "in": 15.767646789550781
  },
  "Science Fiction": {
    "a": 108.93419647216797,
    "and": 73.09954833984375,
    "to": 69.25293731689453,
    "the": 62.579864501953125,
    "of": 53.6462516784668,
    "is": 45.53899002075195,
    "in": 39.53730773925781,
    "his": 34.940773010253906,
    "an": 34.629249572753906,
    "has": 21.474512100219727,
    "by": 18.91658592224121,
    "left": 17.7337703704834,
    "watney": 17.096912384033203,
    "he": 16.747621536254883,
    "after": 16.08837127685547
  },
  "Fantasy": {
    "the": 92.41714477539062,
    "a": 74.22950744628906,
    "to": 54.62318420410156,
    "of": 53.828704833984375,
    "in": 51.0664176940918,
    "and": 39.992305755615234,
    "his": 27.569095611572266,
    "he": 26.15130043029785,
    "from": 20.689664840698242,
    "with": 17.80078887939453,
    "by": 17.249553680419922,
    "when": 16.864500045776367,
    "young": 16.362592697143555,
    "for": 16.205148696899414,
    "her": 15.55006217956543
  }
}