{
  "Group 1": {
    "precision": 0.4604072398190045,
    "recall": 1.0,
    "f1": 0.6305189775367932
  },
  "Group 2": {
    "precision": 0.45418552036199095,
    "recall": 1.0,
    "f1": 0.6246596654998056
  },
  "Group 3": {
    "precision": 0.45899321266968324,
    "recall": 1.0,
    "f1": 0.6291917038185695
  },
  "Group 4": {
    "precision": 0.4230769230769231,
    "recall": 1.0,
    "f1": 0.5945945945945946
  },
  "Group 5": {
    "precision": 0.36425339366515835,
    "recall": 1.0,
    "f1": 0.5339966832504146
  }
}