{
  "Drama": 0.14762158691883087,
  "Comedy": 0.1328914910554886,
  "Thriller": 0.14215052127838135,
  "Action": 0.18943685293197632,
  "Romance": 0.44496625661849976,
  "Adventure": 0.22504514455795288,
  "Horror": 0.21778136491775513,
  "Crime": 0.6886731386184692,
  "Science Fiction": 0.5575616955757141,
  "Fantasy": 0.26611682772636414
}