{
  "Group 1": 0.6391732096672058,
  "Group 2": 0.546003520488739,
  "Group 3": 0.39651066064834595,
  "Group 4": 0.36671727895736694,
  "Group 5": 0.5174759030342102
}