{
  "transformer": {
    "macro_f1": 0.5005108115036796,
    "per_genre_f1": {
      "Drama": 0.5103244837758112,
      "Comedy": 0.5464396284829721,
      "Thriller": 0.44835164835164837,
      "Action": 0.5967894239848914,
      "Romance": 0.34558823529411764,
      "Adventure": 0.46702702702702703,
      "Horror": 0.6081871345029239,
      "Crime": 0.5231607629427792,
      "Science Fiction": 0.6134453781512605,
      "Fantasy": 0.34579439252336447
    },
    "train_time": 0.5949776355184111
  }
}