{
  "max_length": 200,
  "batch_size": 16,
  "learning_rate": 2e-05,
  "weight_decay": 0.01,
  "dropout": 0.3,
  "n_epochs": 5,
  "n_genres": 10,
  "genres": [
    "Drama",
    "Comedy",
    "Thriller",
    "Action",
    "Romance",
    "Adventure",
    "Horror",
    "Crime",
    "Science Fiction",
    "Fantasy"
  ],
  "best_val_f1": 0.6634720876542695,
  "test_f1": 0.6676302401237292,
  "optimal_thresholds": {
    "Drama": 0.2398201823234558,
    "Comedy": 0.16793328523635864,
    "Thriller": 0.45054924488067627,
    "Action": 0.4084400534629822,
    "Romance": 0.3661069869995117,
    "Adventure": 0.4493272304534912,
    "Horror": 0.44281959533691406,
    "Crime": 0.36647018790245056,
    "Science Fiction": 0.6311665177345276,
    "Fantasy": 0.505689263343811
  }
}