{
  "Drama": 0.2398201823234558,
  "Comedy": 0.16793328523635864,
  "Thriller": 0.45054924488067627,
  "Action": 0.4084400534629822,
  "Romance": 0.3661069869995117,
  "Adventure": 0.4493272304534912,
  "Horror": 0.44281959533691406,
  "Crime": 0.36647018790245056,
  "Science Fiction": 0.6311665177345276,
  "Fantasy": 0.505689263343811
}