{
  "Group 1": {
    "precision": 0.5534382767191384,
    "recall": 0.8206388206388207,
    "f1": 0.661058881741712,
    "threshold": 0.6391732096672058
  },
  "Group 2": {
    "precision": 0.5037326697476004,
    "recall": 0.8823163138231631,
    "f1": 0.6413215659651504,
    "threshold": 0.546003520488739
  },
  "Group 3": {
    "precision": 0.5879650895728066,
    "recall": 0.7886629698089956,
    "f1": 0.6736842105263158,
    "threshold": 0.39651066064834595
  },
  "Group 4": {
    "precision": 0.6066424494032174,
    "recall": 0.7814171122994652,
    "f1": 0.6830265848670757,
    "threshold": 0.36671727895736694
  },
  "Group 5": {
    "precision": 0.4923607688516511,
    "recall": 0.7756211180124224,
    "f1": 0.6023515224600543,
    "threshold": 0.5174759030342102
  }
}