{
  "epoch": 0,
  "val_loss": 0.17386369900890145,
  "val_macro_f1": 0.596105397304892,
  "val_micro_f1": 0.5969833289229955,
  "val_weighted_f1": 0.5990466238871733
}